Student_ID,Academic_Status
SV20211602,2
SV20215385,0
SV20217528,0
SV20218254,1
SV20210560,0
SV20217301,0
SV20213861,1
SV20219718,0
SV20215269,1
SV20218410,0
SV20216039,0
SV20219972,2
SV20216428,0
SV20213741,0
SV20211679,0
SV20218319,0
SV20214518,1
SV20219356,0
SV20211360,0
SV20214563,0
SV20211569,2
SV20214418,0
SV20217091,0
SV20213885,2
SV20211588,2
SV20218023,0
SV20215500,0
SV20215009,1
SV20217567,1
SV20218487,0
SV20215454,0
SV20219530,1
SV20214954,0
SV20218931,0
SV20214903,0
SV20215028,0
SV20210117,1
SV20212229,0
SV20210756,0
SV20219626,0
SV20215760,0
SV20219193,0
SV20217927,1
SV20217754,2
SV20212754,1
SV20217708,0
SV20214098,0
SV20211711,0
SV20218929,0
SV20218912,0
SV20212046,2
SV20216392,0
SV20213625,1
SV20217161,0
SV20217492,0
SV20217833,0
SV20219164,0
SV20211130,0
SV20215394,1
SV20214244,1
SV20211205,0
SV20215718,0
SV20218107,2
SV20212504,2
SV20215798,2
SV20219119,0
SV20214568,0
SV20213637,0
SV20215376,1
SV20217825,0
SV20210518,0
SV20218320,0
SV20212227,1
SV20219361,0
SV20213202,0
SV20217690,0
SV20214678,2
SV20213959,0
SV20217429,0
SV20210727,0
SV20212062,1
SV20214481,1
SV20217644,1
SV20212034,0
SV20213474,2
SV20210745,0
SV20219977,0
SV20214715,2
SV20215836,2
SV20216698,0
SV20218360,0
SV20210611,1
SV20210721,0
SV20214250,2
SV20215283,0
SV20212817,0
SV20211608,2
SV20219944,0
SV20211382,0
SV20219897,0
SV20213940,0
SV20219406,0
SV20218846,1
SV20213160,0
SV20213852,0
SV20217956,0
SV20218130,0
SV20219383,0
SV20213970,0
SV20219961,0
SV20218022,1
SV20216908,0
SV20216205,0
SV20215107,0
SV20212620,2
SV20219117,0
SV20210382,0
SV20213681,0
SV20218713,0
SV20216871,2
SV20215112,0
SV20219710,1
SV20213122,0
SV20218767,2
SV20212004,0
SV20212375,1
SV20216034,0
SV20216324,0
SV20216642,0
SV20211614,0
SV20216153,1
SV20211423,0
SV20216275,0
SV20210371,0
SV20216252,0
SV20219628,0
SV20216142,0
SV20211278,0
SV20218296,2
SV20212380,2
SV20214769,0
SV20215784,1
SV20211215,0
SV20217657,1
SV20218700,0
SV20210029,0
SV20212779,0
SV20214797,1
SV20212998,0
SV20216246,2
SV20217207,2
SV20211574,2
SV20212521,0
SV20211893,0
SV20217177,1
SV20217048,0
SV20210124,0
SV20214917,0
SV20210607,2
SV20218214,0
SV20210419,0
SV20213670,1
SV20214405,1
SV20210826,0
SV20215989,0
SV20214843,0
SV20216572,0
SV20215060,1
SV20215216,2
SV20211242,2
SV20213054,0
SV20210245,0
SV20211576,0
SV20211578,0
SV20210988,2
SV20211530,2
SV20212863,0
SV20210079,1
SV20212488,0
SV20210406,0
SV20217001,0
SV20217413,1
SV20215797,0
SV20213705,2
SV20219884,0
SV20210920,0
SV20217151,0
SV20212204,1
SV20212866,0
SV20215166,0
SV20212696,1
SV20215588,0
SV20218734,0
SV20214378,1
SV20210633,0
SV20216210,2
SV20216047,0
SV20217600,1
SV20211980,0
SV20214600,2
SV20213288,0
SV20219622,1
SV20218274,0
SV20218577,1
SV20213110,0
SV20213688,0
SV20213294,0
SV20219825,0
SV20219866,0
SV20219813,0
SV20216424,0
SV20210659,2
SV20210054,0
SV20216955,0
SV20216882,2
SV20214949,0
SV20211712,0
SV20215258,0
SV20215998,0
SV20214533,0
SV20214819,2
SV20217821,0
SV20219479,0
SV20216203,1
SV20213330,0
SV20219745,2
SV20215268,0
SV20210876,0
SV20217660,0
SV20215183,1
SV20216954,2
SV20219150,1
SV20215694,0
SV20215717,0
SV20216352,2
SV20215354,2
SV20216656,0
SV20214254,0
SV20212816,0
SV20218753,2
SV20216589,1
SV20219324,0
SV20215079,2
SV20218519,0
SV20216173,1
SV20219538,0
SV20213377,0
SV20210037,0
SV20211259,0
SV20214995,0
SV20211873,0
SV20213170,0
SV20215124,0
SV20211842,2
SV20213783,2
SV20215211,0
SV20210652,0
SV20217040,0
SV20215325,0
SV20213172,0
SV20210952,0
SV20213958,0
SV20213689,0
SV20210100,2
SV20210621,1
SV20217765,0
SV20219951,0
SV20218878,1
SV20216924,0
SV20218400,0
SV20219264,0
SV20217879,0
SV20218062,0
SV20217426,0
SV20218627,0
SV20212980,0
SV20219060,0
SV20216271,2
SV20212658,1
SV20213947,0
SV20218138,0
SV20216251,0
SV20213107,0
SV20219382,1
SV20216004,0
SV20213102,1
SV20211746,0
SV20216813,0
SV20215345,0
SV20216971,0
SV20217037,0
SV20210094,0
SV20213392,0
SV20214263,1
SV20210177,1
SV20215902,1
SV20216425,0
SV20210994,0
SV20213476,2
SV20213801,1
SV20219535,0
SV20213989,0
SV20217623,0
SV20218788,0
SV20219725,0
SV20217796,0
SV20218314,0
SV20218739,2
SV20215575,0
SV20214556,2
SV20218158,0
SV20218215,2
SV20213201,1
SV20217593,2
SV20213980,0
SV20212811,2
SV20213207,0
SV20219610,0
SV20214744,0
SV20213080,0
SV20212244,0
SV20211351,0
SV20217038,0
SV20217115,1
SV20216065,2
SV20215955,1
SV20211387,0
SV20216922,1
SV20219082,2
SV20214729,0
SV20215316,2
SV20214202,1
SV20215327,1
SV20217415,0
SV20214068,1
SV20215461,0
SV20217390,0
SV20214049,0
SV20219582,0
SV20210890,0
SV20213361,0
SV20211492,1
SV20214535,1
SV20210735,0
SV20219954,0
SV20211112,0
SV20218219,0
SV20213488,0
SV20217451,0
SV20212672,0
SV20216530,0
SV20218580,1
SV20218448,2
SV20217951,0
SV20218951,0
SV20214613,1
SV20211684,0
SV20215574,1
SV20211674,1
SV20213336,1
SV20212332,0
SV20217630,1
SV20213291,0
SV20218325,0
SV20216418,1
SV20216993,0
SV20218293,2
SV20210356,1
SV20212638,0
SV20214841,0
SV20216673,0
SV20214238,0
SV20210417,0
SV20212715,0
SV20213645,0
SV20215550,0
SV20219916,0
SV20212826,2
SV20218285,1
SV20213316,1
SV20217618,2
SV20219062,0
SV20212848,0
SV20213329,0
SV20215917,2
SV20214328,2
SV20215999,0
SV20210818,0
SV20219901,1
SV20210467,2
SV20210868,0
SV20217609,0
SV20216962,2
SV20217583,0
SV20210579,2
SV20219166,0
SV20214293,1
SV20212419,1
SV20216397,0
SV20218123,0
SV20218396,0
SV20219902,0
SV20211922,1
SV20212738,1
SV20218744,2
SV20212969,1
SV20216104,0
SV20211661,0
SV20216467,0
SV20215285,0
SV20218635,0
SV20215791,0
SV20213644,1
SV20212964,2
SV20219934,0
SV20219340,0
SV20213570,2
SV20215773,1
SV20219738,1
SV20214429,1
SV20211388,0
SV20218934,0
SV20210989,0
SV20210236,1
SV20219727,0
SV20215496,1
SV20216770,1
SV20217852,0
SV20215098,0
SV20211209,0
SV20212745,1
SV20217813,0
SV20212527,0
SV20212909,0
SV20212513,2
SV20218432,0
SV20217750,1
SV20214371,1
SV20215255,0
SV20219289,0
SV20214988,0
SV20218712,2
SV20218684,0
SV20218044,0
SV20219077,0
SV20216423,0
SV20213939,0
SV20217917,1
SV20213192,0
SV20214727,0
SV20213106,0
SV20218232,0
SV20215613,0
SV20216222,0
SV20213835,0
SV20217588,0
SV20211782,0
SV20210291,0
SV20214020,0
SV20213393,0
SV20218198,0
SV20216907,2
SV20217159,2
SV20217320,2
SV20219377,1
SV20218143,0
SV20214898,2
SV20216066,0
SV20217428,2
SV20217948,0
SV20214784,0
SV20213194,0
SV20210987,0
SV20213604,0
SV20219293,0
SV20215485,2
SV20212272,0
SV20212565,0
SV20214262,0
SV20211039,0
SV20216118,2
SV20210140,2
SV20218317,2
SV20213691,2
SV20215412,2
SV20213144,1
SV20217034,0
SV20213773,0
SV20210820,0
SV20212915,1
SV20211136,0
SV20213849,0
SV20215083,2
SV20215582,2
SV20217461,2
SV20219458,1
SV20215898,1
SV20214731,0
SV20219268,2
SV20214370,1
SV20213033,2
SV20217686,0
SV20212464,0
SV20219501,0
SV20210384,2
SV20217056,0
SV20210638,0
SV20216226,0
SV20214103,1
SV20213045,0
SV20216169,2
SV20216171,0
SV20210454,2
SV20218942,0
SV20211276,0
SV20218011,2
SV20219145,0
SV20210821,0
SV20219369,0
SV20210982,0
SV20210702,1
SV20218810,0
SV20213213,0
SV20218342,0
SV20219317,1
SV20211867,2
SV20215329,0
SV20218581,2
SV20218288,0
SV20217433,0
SV20210409,1
SV20213492,1
SV20217867,1
SV20214463,0
SV20211816,0
SV20211979,1
SV20218308,2
SV20215899,2
SV20211634,2
SV20219178,0
SV20214686,0
SV20211797,0
SV20218416,0
SV20218544,0
SV20217885,0
SV20215563,0
SV20213104,0
SV20214442,0
SV20213020,0
SV20210648,0
SV20216174,1
SV20216141,1
SV20212777,0
SV20218266,0
SV20211439,0
SV20216479,1
SV20216316,0
SV20211419,1
SV20211819,0
SV20212238,0
SV20215913,0
SV20213869,1
SV20214018,0
SV20219170,0
SV20213455,0
SV20212363,2
SV20213302,0
SV20212921,0
SV20216255,2
SV20215578,0
SV20214576,0
SV20218030,0
SV20211672,0
SV20218278,0
SV20210608,0
SV20215709,0
SV20217439,0
SV20213623,2
SV20216560,0
SV20214700,1
SV20211068,0
SV20217740,2
SV20218941,0
SV20218262,0
SV20215148,1
SV20211443,0
SV20210380,0
SV20215503,0
SV20213335,1
SV20215046,0
SV20217421,0
SV20219181,0
SV20214738,0
SV20211246,0
SV20214823,0
SV20217728,0
SV20210772,1
SV20217360,1
SV20216152,0
SV20214407,0
SV20210949,0
SV20213890,2
SV20215133,1
SV20215375,0
SV20214803,0
SV20215649,2
SV20218388,1
SV20211412,0
SV20210425,0
SV20211348,0
SV20210491,0
SV20218833,0
SV20212818,2
SV20212596,0
SV20217045,0
SV20211484,0
SV20219277,2
SV20216647,2
SV20211459,0
SV20218131,1
SV20213324,0
SV20211378,0
SV20210944,0
SV20211004,0
SV20219862,0
SV20215726,2
SV20211333,0
SV20214677,0
SV20212338,0
SV20214676,1
SV20216453,1
SV20218658,0
SV20214980,1
SV20218361,0
SV20216241,0
SV20219418,1
SV20214302,0
SV20212649,0
SV20211379,0
SV20217537,0
SV20215472,0
SV20216322,0
SV20216143,0
SV20217129,2
SV20210003,0
SV20214868,2
SV20213441,1
SV20210737,1
SV20210666,0
SV20214852,1
SV20215467,0
SV20213735,1
SV20215026,0
SV20213353,0
SV20218566,1
SV20219799,0
SV20214965,2
SV20213892,2
SV20213631,0
SV20215986,0
SV20217427,0
SV20215128,0
SV20215486,0
SV20216966,0
SV20215034,0
SV20218189,0
SV20211180,2
SV20210645,2
SV20215050,2
SV20213527,0
SV20218178,0
SV20215225,1
SV20212630,0
SV20211902,1
SV20211449,0
SV20216811,0
SV20210613,0
SV20216667,0
SV20215916,1
SV20210387,2
SV20218687,0
SV20219036,2
SV20213425,0
SV20215844,2
SV20214685,0
SV20212775,0
SV20214039,1
SV20219811,2
SV20217154,0
SV20219959,0
SV20211925,0
SV20211611,1
SV20217190,0
SV20211235,0
SV20218740,0
SV20217438,0
SV20215872,1
SV20212711,2
SV20214544,0
SV20217560,0
SV20215821,0
SV20211989,0
SV20212994,0
SV20216867,0
SV20212952,2
SV20215035,0
SV20215445,0
SV20216158,0
SV20214232,0
SV20219493,1
SV20213819,0
SV20219713,0
SV20213203,0
SV20217532,0
SV20214515,0
SV20212203,0
SV20214850,2
SV20212611,1
SV20217861,2
SV20215390,1
SV20213991,1
SV20210201,1
SV20211270,0
SV20212089,0
SV20213254,2
SV20219924,0
SV20210841,2
SV20212769,0
SV20215452,1
SV20218925,0
SV20211508,2
SV20214608,0
SV20217824,2
SV20219033,0
SV20210441,0
SV20216862,1
SV20218528,0
SV20212479,0
SV20217371,0
SV20218948,2
SV20217231,0
SV20216586,0
SV20218480,0
SV20210791,0
SV20213439,2
SV20212842,2
SV20213459,2
SV20218829,0
SV20218051,0
SV20217579,2
SV20213616,2
SV20217721,0
SV20213711,0
SV20210235,0
SV20210999,1
SV20215893,2
SV20210668,0
SV20210196,0
SV20213968,0
SV20210114,1
SV20210967,0
SV20213969,0
SV20213421,0
SV20211438,0
SV20210353,0
SV20211911,0
SV20216000,2
SV20216390,2
SV20214530,0
SV20218626,0
SV20218922,0
SV20216059,0
SV20219526,1
SV20215661,0
SV20215699,0
SV20210211,2
SV20217955,1
SV20215052,0
SV20217392,2
SV20216933,2
SV20215232,2
SV20215131,0
SV20215220,0
SV20212960,0
SV20219126,0
SV20219206,0
SV20214279,0
SV20213732,0
SV20218334,0
SV20210575,0
SV20212415,2
SV20217869,1
SV20214756,2
SV20212542,1
SV20210118,1
SV20212039,0
SV20217751,1
SV20219979,2
SV20211669,0
SV20218183,1
SV20214781,0
SV20219220,0
SV20219876,0
SV20215197,2
SV20212124,0
SV20211680,0
SV20214210,0
SV20212520,0
SV20215243,1
SV20213924,0
SV20218651,0
SV20213489,0
SV20216613,0
SV20216486,0
SV20215671,1
SV20210916,1
SV20216429,0
SV20214054,2
SV20210767,1
SV20215473,1
SV20210846,0
SV20218458,1
SV20218109,2
SV20212553,0
SV20210614,2
SV20214770,0
SV20218354,0
SV20219895,0
SV20211018,2
SV20216912,0
SV20212417,1
SV20218057,0
SV20217568,1
SV20219254,2
SV20213276,0
SV20212466,0
SV20218208,2
SV20213874,0
SV20217970,2
SV20210743,1
SV20213503,2
SV20214728,0
SV20212307,0
SV20218787,1
SV20218132,0
SV20218356,2
SV20212549,0
SV20214063,0
SV20213221,2
SV20211203,0
SV20212701,0
SV20218729,0
SV20211023,1
SV20214082,1
SV20216430,0
SV20218910,1
SV20217953,0
SV20217264,2
SV20212316,0
SV20216502,0
SV20218495,0
SV20215549,0
SV20210619,0
SV20216632,0
SV20211126,2
SV20214174,2
SV20210610,1
SV20217362,1
SV20214713,0
SV20219969,1
SV20217685,2
SV20217786,1
SV20216019,1
SV20211920,0
SV20211726,1
SV20213654,0
SV20216864,0
SV20212091,0
SV20218604,0
SV20215217,0
SV20214816,0
SV20214182,0
SV20218617,1
SV20212941,0
SV20218958,0
SV20210254,1
SV20213499,0
SV20211291,2
SV20217341,2
SV20212072,0
SV20216157,0
SV20211649,0
SV20211260,1
SV20211187,0
SV20211708,0
SV20216512,0
SV20211540,0
SV20218087,2
SV20216559,0
SV20219845,2
SV20215795,0
SV20217339,1
SV20218686,0
SV20219790,2
SV20219545,1
SV20212667,0
SV20214890,2
SV20217513,1
SV20215236,0
SV20219306,0
SV20218720,1
SV20218020,2
SV20218169,0
SV20218129,2
SV20218754,0
SV20211822,0
SV20216886,1
SV20218768,2
SV20210584,0
SV20213911,0
SV20215015,0
SV20218583,0
SV20219881,0
SV20213075,0
SV20210503,1
SV20212490,2
SV20211662,0
SV20219882,0
SV20217124,2
SV20219153,0
SV20216583,0
SV20210087,1
SV20216597,0
SV20219194,0
SV20216291,0
SV20211881,2
SV20214264,0
SV20215048,2
SV20216660,0
SV20214336,0
SV20216371,2
SV20219649,0
SV20219154,2
SV20212856,0
SV20212461,0
SV20215429,0
SV20212728,1
SV20215070,0
SV20214670,0
SV20217976,0
SV20210146,2
SV20218718,0
SV20217705,0
SV20210814,1
SV20218529,1
SV20210736,1
SV20218756,0
SV20211764,0
SV20211483,0
SV20215484,0
SV20212987,0
SV20213640,0
SV20218172,1
SV20216521,1
SV20210548,1
SV20215349,1
SV20214128,2
SV20211169,2
SV20214698,1
SV20219296,2
SV20211381,0
SV20216601,2
SV20213485,2
SV20218908,0
SV20215151,0
SV20210986,2
SV20215337,0
SV20211863,1
SV20211377,1
SV20213031,1
SV20213619,0
SV20218995,2
SV20211040,0
SV20217506,0
SV20217009,0
SV20217886,1
SV20217324,2
SV20211391,0
SV20219589,0
SV20210276,1
SV20218985,0
SV20216225,0
SV20214301,0
SV20217663,0
SV20216195,0
SV20213342,0
SV20212868,0
SV20216440,0
SV20211558,0
SV20214798,2
SV20214854,0
SV20213603,0
SV20211598,0
SV20214067,0
SV20214810,0
SV20217338,0
SV20210875,2
SV20211232,0
SV20211193,0
SV20210680,0
SV20216297,1
SV20210881,0
SV20216538,0
SV20211505,0
SV20219742,2
SV20210774,0
SV20215875,0
SV20216497,2
SV20218535,2
SV20213910,0
SV20214638,0
SV20212853,2
SV20218757,0
SV20214062,1
SV20214573,1
SV20213937,0
SV20212047,0
SV20214307,1
SV20214095,0
SV20218691,0
SV20219735,1
SV20217632,0
SV20211579,0
SV20217883,0
SV20212216,2
SV20219017,0
SV20219537,2
SV20212263,0
SV20216431,0
SV20218539,1
SV20210165,1
SV20219319,0
SV20213227,0
SV20219242,0
SV20211437,1
SV20213512,0
SV20217971,0
SV20219099,1
SV20217110,2
SV20210226,0
SV20214806,0
SV20215777,0
SV20212346,1
SV20218855,1
SV20210369,0
SV20217077,0
SV20213142,0
SV20213449,0
SV20217328,0
SV20217902,0
SV20211793,0
SV20219148,0
SV20216432,0
SV20211027,0
SV20215842,0
SV20215771,0
SV20214471,0
SV20210488,1
SV20213671,0
SV20213108,0
SV20214847,2
SV20210715,1
SV20210325,0
SV20213191,2
SV20211970,0
SV20210640,0
SV20217326,0
SV20211668,2
SV20214218,0
SV20215374,0
SV20217759,1
SV20210740,0
SV20212290,0
SV20215380,0
SV20215331,2
SV20210020,0
SV20212746,2
SV20211972,0
SV20210804,0
SV20213635,0
SV20216734,2
SV20210933,0
SV20214528,0
SV20210861,1
SV20219613,0
SV20210186,0
SV20212604,0
SV20212965,1
SV20216877,0
SV20218246,0
SV20212519,2
SV20212221,0
SV20215163,2
SV20214761,0
SV20218561,0
SV20211467,0
SV20213687,0
SV20216824,0
SV20212457,2
SV20213918,1
SV20210962,0
SV20219100,0
SV20218019,2
SV20213199,2
SV20213484,1
SV20217239,0
SV20214839,0
SV20218066,0
SV20211610,0
SV20213901,2
SV20219133,0
SV20210039,1
SV20213193,0
SV20219274,0
SV20214588,0
SV20213014,0
SV20215863,1
SV20212882,0
SV20215788,0
SV20212958,0
SV20218393,0
SV20214956,0
SV20211678,0
SV20210057,0
SV20213838,0
SV20210411,1
SV20211969,0
SV20217913,1
SV20216662,2
SV20213043,1
SV20216127,1
SV20211044,0
SV20210883,1
SV20216494,2
SV20210354,1
SV20214282,2
SV20219472,0
SV20215274,0
SV20216696,2
SV20212497,0
SV20214750,0
SV20210379,0
SV20214452,0
SV20216244,1
SV20216075,0
SV20215379,0
SV20215619,1
SV20214975,0
SV20215226,0
SV20214772,0
SV20211641,2
SV20216408,2
SV20216555,2
SV20216273,2
SV20211469,2
SV20217452,1
SV20210535,0
SV20214242,0
SV20211227,0
SV20212589,0
SV20218549,0
SV20212137,0
SV20210616,2
SV20211233,1
SV20211339,2
SV20215979,2
SV20214696,1
SV20215572,0
SV20215495,0
SV20213567,1
SV20210293,0
SV20217934,0
SV20217518,1
SV20211414,0
SV20212594,0
SV20211565,0
SV20212825,2
SV20219832,0
SV20215570,1
SV20212782,0
SV20217458,0
SV20214661,0
SV20213540,0
SV20218184,2
SV20210658,0
SV20217650,0
SV20219285,2
SV20210698,0
SV20218353,0
SV20211485,1
SV20210699,0
SV20216266,0
SV20219823,0
SV20210628,0
SV20215548,2
SV20213103,1
SV20218945,0
SV20213880,0
SV20212310,2
SV20214629,1
SV20219581,0
SV20212834,1
SV20211347,0
SV20211107,1
SV20217068,1
SV20213407,0
SV20212108,0
SV20212104,0
SV20219250,0
SV20214376,0
SV20216723,1
SV20213594,0
SV20210040,0
SV20213092,0
SV20215874,0
SV20213481,0
SV20214508,0
SV20210899,0
SV20212309,2
SV20215475,0
SV20219870,0
SV20217656,0
SV20210433,0
SV20218649,0
SV20219074,1
SV20211531,0
SV20218920,0
SV20215290,2
SV20213309,0
SV20217572,0
SV20217838,0
SV20216994,0
SV20211915,2
SV20216938,0
SV20219861,0
SV20214944,0
SV20219842,2
SV20215063,0
SV20215940,0
SV20212240,2
SV20211466,1
SV20212202,0
SV20213742,0
SV20217635,0
SV20212554,0
SV20213282,0
SV20215772,1
SV20213770,2
SV20218618,0
SV20212922,1
SV20211758,0
SV20215221,0
SV20219342,0
SV20216161,0
SV20218248,0
SV20217149,0
SV20210549,1
SV20217647,0
SV20216272,0
SV20212268,0
SV20211413,0
SV20212629,0
SV20211958,0
SV20211415,0
SV20218656,2
SV20213179,0
SV20219887,1
SV20217604,0
SV20216969,0
SV20215233,0
SV20211024,0
SV20218623,0
SV20214805,2
SV20219615,0
SV20210007,0
SV20211528,0
SV20219064,0
SV20216187,0
SV20216746,0
SV20215996,0
SV20217260,0
SV20214967,0
SV20219304,1
SV20210315,1
SV20210494,0
SV20218340,1
SV20216863,0
SV20219757,1
SV20213224,0
SV20215887,1
SV20210434,0
SV20212116,0
SV20216473,0
SV20219315,0
SV20214142,0
SV20215506,0
SV20218963,2
SV20218884,0
SV20210297,1
SV20216967,0
SV20219886,0
SV20214130,0
SV20215304,0
SV20218209,0
SV20210789,0
SV20218522,2
SV20213235,0
SV20214073,2
SV20219010,0
SV20216319,0
SV20210016,0
SV20218502,2
SV20218040,0
SV20214609,0
SV20219766,2
SV20210256,1
SV20217770,1
SV20211780,0
SV20214389,0
SV20212324,0
SV20217860,0
SV20217139,1
SV20211192,0
SV20218996,1
SV20216199,0
SV20213815,1
SV20217321,0
SV20218425,1
SV20213871,0
SV20214601,0
SV20213442,2
SV20218818,0
SV20219416,2
SV20212049,1
SV20211494,1
SV20210080,0
SV20215670,0
SV20217407,0
SV20219278,1
SV20212867,0
SV20211860,2
SV20213263,2
SV20215628,1
SV20217594,2
SV20212153,2
SV20219332,2
SV20217454,0
SV20214536,0
SV20216364,0
SV20216395,0
SV20219764,0
SV20212176,0
SV20217875,0
SV20214970,0
SV20211003,0
SV20210981,1
SV20214579,2
SV20216055,0
SV20211218,2
SV20215850,1
SV20216761,1
SV20217894,0
SV20217504,0
SV20215188,2
SV20215091,0
SV20215605,0
SV20214978,0
SV20210908,0
SV20216878,2
SV20216067,0
SV20219692,1
SV20211789,2
SV20216254,0
SV20216017,1
SV20216718,2
SV20213148,0
SV20213423,0
SV20219110,0
SV20214545,0
SV20215894,1
SV20210984,0
SV20216315,1
SV20219945,0
SV20212031,0
SV20214212,0
SV20216525,2
SV20210312,1
SV20213477,0
SV20212430,0
SV20210367,2
SV20213611,1
SV20218336,1
SV20218943,0
SV20214708,0
SV20218650,0
SV20219373,0
SV20214220,2
SV20212170,2
SV20219146,0
SV20219859,0
SV20215962,0
SV20211184,2
SV20210918,0
SV20216375,0
SV20211274,2
SV20216321,0
SV20215638,0
SV20215300,0
SV20219504,0
SV20211821,1
SV20214886,0
SV20218645,2
SV20219629,0
SV20213745,0
SV20212663,0
SV20217400,0
SV20215762,0
SV20211211,0
SV20219025,0
SV20214483,0
SV20217863,0
SV20212040,0
SV20214644,0
SV20212843,1
SV20210725,0
SV20210947,1
SV20216274,1
SV20214786,2
SV20214241,1
SV20212313,0
SV20212095,0
SV20218742,0
SV20217098,1
SV20219162,0
SV20214977,1
SV20219282,0
SV20218637,0
SV20218812,0
SV20211307,1
SV20211907,0
SV20217031,0
SV20219528,0
SV20213077,0
SV20215983,0
SV20218142,2
SV20218743,1
SV20218423,2
SV20215435,0
SV20219705,1
SV20217480,2
SV20218707,0
SV20216121,2
SV20210381,0
SV20213843,0
SV20219001,1
SV20213349,0
SV20218567,0
SV20213816,0
SV20216772,0
SV20211229,0
SV20213544,2
SV20219433,0
SV20211244,0
SV20219960,0
SV20216631,0
SV20218559,1
SV20210339,0
SV20217745,1
SV20219669,2
SV20213612,0
SV20212097,2
SV20217486,0
SV20219558,1
SV20213386,1
SV20214511,0
SV20215725,0
SV20217116,0
SV20211145,1
SV20212276,0
SV20211629,1
SV20215150,2
SV20212113,2
SV20211268,0
SV20213387,0
SV20216459,1
SV20215583,0
SV20214300,1
SV20215207,0
SV20215186,0
SV20218532,1
SV20218984,0
SV20216943,0
SV20219115,0
SV20216215,0
SV20218004,0
SV20218376,0
SV20211910,2
SV20217073,2
SV20211318,0
SV20215393,0
SV20211293,1
SV20216150,0
SV20212870,0
SV20215369,0
SV20211037,0
SV20218909,0
SV20210660,2
SV20218575,2
SV20214506,1
SV20215333,0
SV20210244,0
SV20213322,0
SV20217545,0
SV20214566,1
SV20211765,0
SV20213264,1
SV20216556,0
SV20212037,0
SV20212327,0
SV20212188,0
SV20211725,0
SV20214239,0
SV20215342,0
SV20215357,0
SV20213223,0
SV20216578,0
SV20212323,2
SV20216829,0
SV20216287,0
SV20211704,0
SV20215555,0
SV20216650,0
SV20211390,1
SV20210847,0
SV20214022,0
SV20212665,1
SV20215607,0
SV20213152,2
SV20213831,0
SV20215746,0
SV20214412,0
SV20212718,0
SV20219686,0
SV20219141,0
SV20210185,0
SV20217353,2
SV20213019,2
SV20217703,2
SV20216796,2
SV20211657,0
SV20211078,0
SV20214285,2
SV20211799,0
SV20210568,0
SV20219990,0
SV20211713,0
SV20219795,1
SV20219557,1
SV20218789,0
SV20214014,1
SV20215039,0
SV20215976,0
SV20211851,0
SV20215614,0
SV20217659,0
SV20218669,0
SV20213257,0
SV20217418,0
SV20211759,1
SV20215630,2
SV20219351,0
SV20219122,1
SV20212928,0
SV20219196,1
SV20212019,0
SV20211550,1
SV20217441,0
SV20217036,0
SV20213756,0
SV20211520,0
SV20215038,0
SV20215409,1
SV20213790,0
SV20210205,0
SV20212293,1
SV20218816,1
SV20212803,0
SV20213255,0
SV20216085,0
SV20217007,0
SV20213011,0
SV20219298,0
SV20211144,0
SV20211577,0
SV20213212,0
SV20218017,2
SV20213163,0
SV20218036,0
SV20218597,1
SV20217977,0
SV20212014,2
SV20217710,0
SV20219749,0
SV20219914,0
SV20212580,1
SV20216978,0
SV20210562,1
SV20210073,1
SV20216983,0
SV20211937,1
SV20214766,0
SV20217104,2
SV20213622,1
SV20210711,1
SV20219305,0
SV20217489,1
SV20211535,2
SV20214375,2
SV20215360,1
SV20218579,0
SV20215601,0
SV20218430,0
SV20216795,0
SV20212590,0
SV20218306,2
SV20214233,0
SV20219489,0
SV20210979,2
SV20211433,1
SV20213436,2
SV20211652,0
SV20218572,0
SV20210807,0
SV20216082,0
SV20213091,1
SV20214869,2
SV20217737,2
SV20214134,2
SV20213321,2
SV20218106,0
SV20210514,2
SV20214827,0
SV20213025,0
SV20215459,2
SV20215812,0
SV20217541,2
SV20211114,0
SV20218349,0
SV20211369,1
SV20211948,1
SV20211967,0
SV20216492,1
SV20217095,0
SV20213056,0
SV20219809,1
SV20211069,1
SV20216767,0
SV20211613,0
SV20214071,0
SV20210351,0
SV20218247,0
SV20211978,0
SV20212339,0
SV20214191,0
SV20217389,0
SV20211407,0
SV20213464,0
SV20215348,0
SV20215058,1
SV20213955,2
SV20218773,0
SV20213460,0
SV20214911,0
SV20215306,1
SV20213164,0
SV20210742,0
SV20218918,0
SV20218763,0
SV20212007,0
SV20217467,0
SV20212024,0
SV20217983,0
SV20210596,0
SV20217722,0
SV20211258,0
SV20212286,2
SV20214745,0
SV20219715,1
SV20211837,1
SV20219357,2
SV20215363,1
SV20216544,0
SV20214101,2
SV20212207,0
SV20211472,0
SV20214312,0
SV20214948,0
SV20215714,0
SV20216026,0
SV20219155,0
SV20218272,1
SV20212292,0
SV20215595,0
SV20215604,0
SV20214230,1
SV20214252,0
SV20219784,0
SV20217570,1
SV20211824,2
SV20213042,0
SV20217890,2
SV20215567,0
SV20215936,0
SV20217357,2
SV20211298,2
SV20216399,0
SV20212444,2
SV20219123,1
SV20213405,0
SV20214547,1
SV20210430,2
SV20216475,0
SV20216107,0
SV20213260,0
SV20219370,1
SV20214144,2
SV20210142,0
SV20214555,2
SV20214893,0
SV20213314,0
SV20215244,2
SV20213855,0
SV20213060,1
SV20216217,0
SV20218794,2
SV20219425,0
SV20216038,1
SV20210390,0
SV20215849,2
SV20210368,0
SV20211428,1
SV20219216,0
SV20213553,0
SV20215564,0
SV20211311,0
SV20214111,1
SV20218399,1
SV20213185,0
SV20210157,0
SV20214570,0
SV20210331,0
SV20219263,0
SV20212463,2
SV20212621,0
SV20212626,0
SV20212685,1
SV20212529,0
SV20212355,0
SV20218267,1
SV20217351,0
SV20212169,1
SV20215742,0
SV20218927,1
SV20216928,1
SV20211961,1
SV20219857,0
SV20217175,2
SV20219982,0
SV20218097,0
SV20213334,1
SV20210138,2
SV20219890,2
SV20214592,2
SV20215458,0
SV20213158,0
SV20211272,0
SV20212468,0
SV20211504,0
SV20219987,0
SV20215831,0
SV20216745,0
SV20211092,0
SV20210492,0
SV20217162,0
SV20214092,2
SV20218378,2
SV20219427,0
SV20213834,0
SV20213865,0
SV20211749,0
SV20211091,1
SV20212456,2
SV20211999,2
SV20212233,2
SV20211113,0
SV20211938,0
SV20215262,0
SV20210980,0
SV20219559,0
SV20219894,0
SV20216012,0
SV20214725,1
SV20216052,0
SV20214495,0
SV20211901,1
SV20219623,2
SV20210115,0
SV20210350,0
SV20214211,0
SV20211183,2
SV20212637,0
SV20211093,0
SV20210705,0
SV20215876,0
SV20217122,0
SV20210661,1
SV20215081,2
SV20213068,0
SV20212449,1
SV20218301,0
SV20216653,0
SV20213320,0
SV20211513,0
SV20215935,0
SV20213373,0
SV20219978,0
SV20210089,0
SV20214050,2
SV20212883,2
SV20218374,0
SV20219659,1
SV20216991,0
SV20215182,0
SV20214760,1
SV20215733,1
SV20218086,0
SV20211444,0
SV20219121,0
SV20216260,2
SV20213926,0
SV20212971,0
SV20216972,0
SV20217184,0
SV20212722,2
SV20217539,0
SV20218300,0
SV20218603,2
SV20213953,0
SV20219019,2
SV20210693,2
SV20212414,1
SV20216714,0
SV20211756,0
SV20213166,0
SV20212551,1
SV20218238,2
SV20211122,0
SV20215075,0
SV20217549,0
SV20216919,0
SV20212791,0
SV20217602,0
SV20214524,1
SV20213963,0
SV20218952,0
SV20217836,1
SV20214801,0
SV20212409,0
SV20213004,0
SV20215716,0
SV20215404,0
SV20215551,0
SV20219446,0
SV20218228,0
SV20215037,0
SV20210307,2
SV20213400,0
SV20217661,0
SV20217245,0
SV20211522,0
SV20218619,0
SV20212850,0
SV20215802,2
SV20218312,2
SV20210469,0
SV20213682,2
SV20217912,0
SV20211304,2
SV20214047,0
SV20219648,1
SV20215696,0
SV20216264,2
SV20210422,0
SV20216490,0
SV20210709,0
SV20212538,0
SV20215246,2
SV20214069,0
SV20210759,0
SV20213058,1
SV20217714,1
SV20213396,0
SV20219731,0
SV20219701,2
SV20218186,2
SV20215711,2
SV20210266,1
SV20216098,0
SV20215116,0
SV20217055,1
SV20217522,0
SV20217235,2
SV20212190,0
SV20212572,2
SV20217930,1
SV20210524,0
SV20212993,2
SV20214655,2
SV20217874,1
SV20215307,2
SV20214669,0
SV20219560,0
SV20213864,0
SV20215787,1
SV20214480,1
SV20219224,0
SV20212321,0
SV20214992,2
SV20213127,0
SV20216816,2
SV20218187,0
SV20213214,0
SV20218947,2
SV20218281,0
SV20217049,0
SV20211519,0
SV20213070,2
SV20214630,0
SV20219556,0
SV20210954,1
SV20211665,0
SV20213660,0
SV20211841,2
SV20218859,1
SV20219636,0
SV20214258,0
SV20216176,0
SV20218663,0
SV20215622,2
SV20215903,0
SV20210866,2
SV20218341,0
SV20211810,2
SV20212860,0
SV20211057,2
SV20219223,2
SV20218593,0
SV20214950,1
SV20217755,0
SV20215954,0
SV20216048,0
SV20210028,0
SV20210481,2
SV20211261,0
SV20214441,0
SV20213312,0
SV20213341,0
SV20217033,0
SV20212385,1
SV20214305,0
SV20213925,1
SV20210033,1
SV20214782,2
SV20215170,0
SV20210374,0
SV20217165,0
SV20211919,0
SV20218503,1
SV20213744,0
SV20214571,0
SV20216534,2
SV20211167,0
SV20214924,0
SV20212365,0
SV20216357,0
SV20214363,0
SV20212767,0
SV20212526,0
SV20211273,0
SV20212205,0
SV20211517,0
SV20213523,2
SV20211367,0
SV20210921,0
SV20219118,0
SV20215710,0
SV20214015,0
SV20213176,1
SV20210537,0
SV20210795,0
SV20213807,0
SV20217538,0
SV20211031,1
SV20217109,2
SV20214077,1
SV20211002,2
SV20211874,0
SV20216987,2
SV20218447,0
SV20219572,0
SV20218016,1
SV20215130,0
SV20214848,1
SV20218120,2
SV20216742,2
SV20214618,0
SV20211464,1
SV20218797,1
SV20217613,0
SV20215855,1
SV20219466,0
SV20213929,0
SV20210632,2
SV20219807,1
SV20219211,0
SV20213171,1
SV20211045,1
SV20216873,0
SV20218372,1
SV20216594,1
SV20217412,0
SV20212301,0
SV20217126,0
SV20219844,0
SV20210550,0
SV20211916,2
SV20213736,0
SV20213657,2
SV20215097,0
SV20218904,2
SV20210111,0
SV20212694,0
SV20218294,0
SV20217021,2
SV20217423,0
SV20212892,1
SV20214410,0
SV20216880,0
SV20210840,0
SV20211632,0
SV20214353,2
SV20214860,0
SV20218863,0
SV20212884,2
SV20217668,0
SV20211275,0
SV20218251,1
SV20216918,0
SV20218555,0
SV20218834,1
SV20210874,1
SV20211551,0
SV20211957,2
SV20213082,0
SV20214268,0
SV20211317,0
SV20217969,0
SV20215928,2
SV20219140,0
SV20218473,0
SV20218391,0
SV20210600,0
SV20215546,0
SV20214243,1
SV20211734,1
SV20215043,0
SV20213809,0
SV20216951,1
SV20211648,0
SV20214927,1
SV20219048,2
SV20211344,0
SV20218125,0
SV20217379,0
SV20213941,0
SV20213208,0
SV20215685,2
SV20212595,0
SV20219714,2
SV20217558,0
SV20218417,2
SV20216849,0
SV20213788,1
SV20216340,2
SV20214038,1
SV20217819,0
SV20216020,1
SV20213667,1
SV20218762,0
SV20219266,1
SV20215721,0
SV20211929,0
SV20214840,2
SV20218182,2
SV20215545,0
SV20217665,0
SV20211552,1
SV20218506,0
SV20212503,2
SV20212610,0
SV20210088,0
SV20217243,0
SV20212006,0
SV20219723,0
SV20214807,0
SV20216510,0
SV20212121,0
SV20216474,0
SV20211921,0
SV20211963,0
SV20215987,2
SV20212947,0
SV20211618,0
SV20219539,0
SV20214604,0
SV20212561,0
SV20215245,1
SV20210905,1
SV20214504,0
SV20210317,0
SV20214206,1
SV20217310,0
SV20215723,1
SV20214026,1
SV20217850,0
SV20213018,0
SV20215444,1
SV20218960,0
SV20213069,0
SV20218807,0
SV20219112,0
SV20213775,1
SV20219252,0
SV20213823,0
SV20215839,0
SV20213973,0
SV20217498,0
SV20213795,0
SV20213063,1
SV20219956,0
SV20217247,0
SV20211265,0
SV20215397,2
SV20214297,0
SV20210015,0
SV20210323,0
SV20214585,1
SV20210004,0
SV20217019,0
SV20217152,0
SV20214467,0
SV20219095,0
SV20213760,0
SV20210151,0
SV20216035,0
SV20211491,0
SV20217731,0
SV20216668,0
SV20215213,1
SV20213097,1
SV20212752,0
SV20214791,0
SV20213701,0
SV20211441,0
SV20211572,0
SV20215589,2
SV20213005,0
SV20216410,2
SV20213475,0
SV20219459,0
SV20219502,2
SV20211149,0
SV20217107,1
SV20219779,0
SV20212075,1
SV20212250,1
SV20215752,2
SV20214867,0
SV20219801,0
SV20212579,1
SV20213685,0
SV20210594,0
SV20219269,1
SV20211099,0
SV20214361,1
SV20216403,2
SV20218504,1
SV20216927,0
SV20217331,2
SV20212161,0
SV20210181,0
SV20218725,2
SV20217495,0
SV20211213,0
SV20215364,2
SV20219403,1
SV20210646,0
SV20219338,0
SV20219820,0
SV20217319,0
SV20218589,0
SV20211755,0
SV20213023,1
SV20212712,1
SV20214904,0
SV20211833,0
SV20213899,0
SV20212560,2
SV20212370,2
SV20212018,0
SV20215790,0
SV20217782,0
SV20212123,0
SV20218309,0
SV20212950,0
SV20217989,0
SV20214955,0
SV20216744,1
SV20217756,0
SV20216585,0
SV20219576,0
SV20211914,0
SV20215624,2
SV20216385,0
SV20213471,0
SV20210195,0
SV20216831,0
SV20217856,2
SV20216937,0
SV20217306,1
SV20217445,0
SV20212839,0
SV20219465,0
SV20213697,2
SV20210823,1
SV20212582,0
SV20216519,0
SV20212056,0
SV20210751,0
SV20214465,0
SV20212534,0
SV20217967,2
SV20215416,1
SV20218578,0
SV20210148,2
SV20212910,2
SV20219186,2
SV20211100,0
SV20218994,2
SV20215121,2
SV20218466,2
SV20214962,2
SV20212158,2
SV20214180,0
SV20212465,0
SV20218496,0
SV20212094,0
SV20212413,1
SV20217064,2
SV20216527,0
SV20216848,0
SV20214365,1
SV20216460,0
SV20211985,0
SV20213585,0
SV20217131,1
SV20211547,1
SV20212076,0
SV20215938,0
SV20217747,0
SV20219027,0
SV20216426,1
SV20215206,2
SV20219940,0
SV20211516,0
SV20214355,0
SV20219739,0
SV20218738,0
SV20210327,2
SV20216327,0
SV20211776,0
SV20216520,0
SV20211286,0
SV20211575,2
SV20214030,0
SV20217176,0
SV20215073,0
SV20219688,1
SV20216300,0
SV20211568,2
SV20216592,2
SV20212010,0
SV20219597,0
SV20212820,0
SV20219470,0
SV20218284,0
SV20217512,2
SV20214960,0
SV20219455,2
SV20216484,2
SV20219836,0
SV20216639,0
SV20210321,0
SV20217814,2
SV20218001,0
SV20212559,2
SV20216708,2
SV20211927,0
SV20216874,0
SV20212586,0
SV20210686,0
SV20211861,0
SV20216732,0
SV20212061,0
SV20210285,2
SV20212187,2
SV20219696,2
SV20216292,0
SV20213966,1
SV20213651,0
SV20218800,0
SV20219512,0
SV20217123,1
SV20213621,2
SV20215149,1
SV20216633,2
SV20218289,0
SV20214070,1
SV20216741,0
SV20216992,0
SV20215600,0
SV20213875,1
SV20215347,0
SV20214381,0
SV20213270,2
SV20215367,0
SV20210370,2
SV20216643,0
SV20212815,1
SV20212697,0
SV20214614,2
SV20217603,0
SV20212881,1
SV20212647,0
SV20218442,2
SV20211640,0
SV20214957,0
SV20214223,0
SV20212496,0
SV20217440,0
SV20216037,2
SV20218781,0
SV20217090,0
SV20214901,0
SV20217361,0
SV20210405,0
SV20216547,0
SV20216790,1
SV20211185,2
SV20216683,1
SV20211904,2
SV20219180,0
SV20210956,1
SV20214737,0
SV20212770,0
SV20217500,0
SV20217906,1
SV20214993,0
SV20215817,0
SV20214222,0
SV20218919,0
SV20214726,0
SV20219822,2
SV20215807,0
SV20215750,2
SV20210808,0
SV20212823,2
SV20214837,0
SV20211941,0
SV20219647,0
SV20212514,1
SV20215479,0
SV20219185,2
SV20214596,0
SV20218515,1
SV20218421,2
SV20211366,0
SV20211306,0
SV20215455,1
SV20211075,0
SV20214002,1
SV20211194,0
SV20213035,2
SV20212333,0
SV20216412,0
SV20212357,0
SV20213414,1
SV20217150,0
SV20217783,2
SV20217726,0
SV20215194,1
SV20219498,1
SV20212639,2
SV20215415,0
SV20218844,1
SV20214648,0
SV20218714,0
SV20219353,0
SV20215992,0
SV20213825,2
SV20215011,2
SV20217401,1
SV20218988,0
SV20217723,0
SV20215906,0
SV20211677,1
SV20212055,0
SV20218350,0
SV20214991,1
SV20212257,0
SV20218064,2
SV20218966,2
SV20217808,2
SV20215705,2
SV20213587,1
SV20214350,0
SV20213410,2
SV20215466,0
SV20216727,0
SV20211139,0
SV20210928,2
SV20215769,0
SV20219444,0
SV20214084,0
SV20212555,0
SV20215926,0
SV20218664,0
SV20216575,0
SV20213398,0
SV20210602,0
SV20216568,0
SV20211257,2
SV20212011,0
SV20215654,0
SV20216524,0
SV20218955,1
SV20214275,2
SV20219963,0
SV20213168,0
SV20212516,0
SV20214291,0
SV20211845,2
SV20217544,1
SV20210475,0
SV20219860,0
SV20214574,1
SV20213307,0
SV20216876,0
SV20219768,2
SV20218541,1
SV20216015,0
SV20212644,0
SV20211363,0
SV20211870,0
SV20217484,0
SV20215430,0
SV20215918,0
SV20211564,0
SV20219915,0
SV20210832,2
SV20214763,0
SV20219663,0
SV20219476,0
SV20211953,0
SV20219720,0
SV20219407,0
SV20217958,0
SV20210654,0
SV20216442,0
SV20217292,1
SV20213454,1
SV20213590,1
SV20212063,0
SV20210825,0
SV20217222,0
SV20216029,1
SV20216965,0
SV20211744,0
SV20210927,0
SV20219084,2
SV20215829,0
SV20216637,0
SV20210298,0
SV20214135,0
SV20210262,2
SV20213703,2
SV20218277,0
SV20219067,2
SV20210184,0
SV20214140,0
SV20215129,0
SV20210764,0
SV20214051,1
SV20216953,1
SV20211943,1
SV20210389,0
SV20217979,0
SV20218897,0
SV20210050,0
SV20219699,0
SV20210437,1
SV20215346,0
SV20210167,0
SV20210946,1
SV20219246,0
SV20216976,0
SV20214251,0
SV20214811,0
SV20215828,0
SV20216413,2
SV20211104,0
SV20215115,0
SV20210476,1
SV20217827,2
SV20211913,0
SV20217895,0
SV20212588,0
SV20219687,1
SV20219205,1
SV20218345,0
SV20213646,2
SV20218899,0
SV20218099,0
SV20212423,0
SV20213679,0
SV20211440,0
SV20215324,1
SV20214437,0
SV20211111,0
SV20213155,0
SV20211834,0
SV20210012,1
SV20210279,1
SV20216330,0
SV20216031,1
SV20215690,2
SV20217227,0
SV20210939,1
SV20212706,1
SV20214125,0
SV20216634,2
SV20215437,2
SV20212543,2
SV20218128,0
SV20214327,2
SV20211481,0
SV20213174,0
SV20210222,0
SV20211084,0
SV20216557,2
SV20212723,0
SV20214450,0
SV20216837,0
SV20216239,0
SV20213547,1
SV20216917,0
SV20210972,0
SV20212042,0
SV20215332,0
SV20219641,1
SV20211166,0
SV20215294,0
SV20216145,2
SV20217601,1
SV20211628,0
SV20210893,2
SV20216101,0
SV20219929,1
SV20210264,0
SV20210014,0
SV20216801,2
SV20212149,0
SV20218115,0
SV20211548,2
SV20215651,0
SV20211395,0
SV20210506,0
SV20212571,0
SV20214106,0
SV20215266,0
SV20216384,0
SV20211757,0
SV20216471,0
SV20217070,1
SV20219670,0
SV20218827,0
SV20214369,1
SV20214203,2
SV20213605,0
SV20210059,0
SV20210851,0
SV20217374,0
SV20215328,0
SV20216766,0
SV20218915,2
SV20214492,0
SV20212587,0
SV20215161,1
SV20212908,2
SV20217636,2
SV20213522,0
SV20213284,0
SV20210753,2
SV20219328,1
SV20219577,0
SV20211971,0
SV20213821,1
SV20219214,0
SV20216577,0
SV20219468,2
SV20216812,0
SV20211730,2
SV20216929,0
SV20210843,0
SV20219709,0
SV20217788,0
SV20210538,0
SV20215982,0
SV20217376,0
SV20214582,2
SV20218642,0
SV20219348,0
SV20210728,1
SV20218611,0
SV20216819,0
SV20217248,1
SV20213298,2
SV20212926,0
SV20216310,0
SV20216168,0
SV20214885,2
SV20215753,0
SV20216648,0
SV20218058,0
SV20218088,0
SV20216391,1
SV20210393,1
SV20213326,1
SV20215080,0
SV20215939,0
SV20214152,0
SV20213845,0
SV20213545,0
SV20219928,0
SV20215665,2
SV20218616,0
SV20217347,0
SV20216189,0
SV20215915,0
SV20219684,0
SV20213126,0
SV20211314,0
SV20214517,2
SV20213200,0
SV20217868,2
SV20217485,0
SV20211148,1
SV20217195,0
SV20213467,0
SV20219985,0
SV20213515,1
SV20214520,0
SV20219660,2
SV20215200,1
SV20217778,0
SV20217780,2
SV20211787,0
SV20217368,1
SV20211471,0
SV20219376,0
SV20211319,1
SV20215774,0
SV20215691,2
SV20213536,0
SV20215647,0
SV20212989,0
SV20213994,0
SV20216481,0
SV20210125,0
SV20219011,0
SV20217186,0
SV20219905,0
SV20210590,0
SV20211996,0
SV20218389,1
SV20213266,0
SV20218957,0
SV20211422,2
SV20217738,1
SV20212827,0
SV20218108,0
SV20219536,0
SV20217191,0
SV20211510,2
SV20211891,1
SV20212174,0
SV20218117,0
SV20218573,1
SV20210830,0
SV20218413,0
SV20216488,0
SV20211221,0
SV20219020,2
SV20217069,0
SV20218310,0
SV20214421,1
SV20214274,0
SV20212894,0
SV20216202,0
SV20215599,0
SV20218431,1
SV20216959,1
SV20210108,2
SV20216553,0
SV20211086,0
SV20210299,0
SV20218185,0
SV20212809,0
SV20210900,0
SV20219879,0
SV20215447,0
SV20219297,0
SV20217605,0
SV20212539,0
SV20219750,0
SV20219964,0
SV20212734,0
SV20216247,0
SV20213076,0
SV20211990,0
SV20219787,1
SV20218921,0
SV20215943,2
SV20215311,2
SV20212606,1
SV20218835,0
SV20210127,0
SV20215881,1
SV20216773,0
SV20216618,2
SV20211143,1
SV20212442,1
SV20216335,1
SV20214711,1
SV20218403,0
SV20212236,0
SV20211355,0
SV20210576,0
SV20219988,2
SV20215809,0
SV20219399,0
SV20215299,0
SV20214166,0
SV20211386,0
SV20212117,1
SV20217800,0
SV20214625,0
SV20212541,0
SV20217924,0
SV20215967,1
SV20217798,0
SV20213246,1
SV20210198,0
SV20211959,0
SV20217965,0
SV20212288,0
SV20211173,0
SV20218273,0
SV20215378,0
SV20215526,0
SV20213187,1
SV20218147,0
SV20215900,0
SV20214081,1
SV20218059,0
SV20213695,0
SV20219443,0
SV20215371,0
SV20217596,2
SV20210650,2
SV20219262,2
SV20214330,0
SV20215250,0
SV20212487,1
SV20212239,0
SV20214031,1
SV20212865,0
SV20216363,0
SV20212459,1
SV20214611,0
SV20215854,0
SV20216926,0
SV20211600,0
SV20212431,0
SV20214551,0
SV20219778,0
SV20215286,0
SV20214458,0
SV20218858,1
SV20214575,0
SV20210001,0
SV20214151,0
SV20210627,1
SV20214052,2
SV20210534,1
SV20217132,0
SV20212453,0
SV20214972,0
SV20219587,0
SV20214290,1
SV20216018,0
SV20216228,0
SV20215400,0
SV20212669,1
SV20213921,0
SV20212400,0
SV20216137,2
SV20217839,0
SV20215100,0
SV20212342,0
SV20211724,0
SV20211635,0
SV20216936,0
SV20215249,0
SV20216800,0
SV20213887,0
SV20216125,0
SV20214165,0
SV20215597,0
SV20219850,1
SV20212720,0
SV20217188,1
SV20213071,0
SV20214976,0
SV20217062,2
SV20217015,0
SV20214087,2
SV20214056,0
SV20219673,1
SV20212331,0
SV20217730,2
SV20218681,0
SV20212768,0
SV20218917,0
SV20216317,0
SV20214929,0
SV20212505,2
SV20210651,0
SV20216194,2
SV20215848,0
SV20210336,0
SV20219564,2
SV20213483,2
SV20219366,0
SV20219565,2
SV20215568,1
SV20215789,0
SV20210461,1
SV20215090,0
SV20214322,0
SV20213757,0
SV20219026,0
SV20213707,0
SV20219028,0
SV20217791,2
SV20218648,2
SV20216303,0
SV20219231,1
SV20216623,0
SV20219202,2
SV20210630,0
SV20212248,0
SV20219013,2
SV20218216,0
SV20212773,0
SV20212344,1
SV20211748,0
SV20214637,0
SV20219437,0
SV20216405,0
SV20210571,2
SV20211501,0
SV20219428,0
SV20211048,0
SV20216100,0
SV20219032,0
SV20218067,0
SV20213718,0
SV20210440,2
SV20216204,0
SV20212119,0
SV20217241,1
SV20216265,1
SV20210809,0
SV20212407,0
SV20214118,0
SV20215659,0
SV20217580,0
SV20213740,2
SV20213665,2
SV20212975,0
SV20217279,0
SV20218045,0
SV20219261,0
SV20210030,0
SV20216532,0
SV20217676,2
SV20215024,0
SV20219644,2
SV20217477,1
SV20214023,1
SV20213592,0
SV20213345,0
SV20214883,0
SV20218194,0
SV20216370,1
SV20212765,0
SV20213113,0
SV20218047,1
SV20214891,0
SV20214909,2
SV20214817,0
SV20216960,0
SV20217643,0
SV20210404,0
SV20219893,0
SV20214436,0
SV20211271,2
SV20216517,0
SV20217739,2
SV20217378,2
SV20213368,0
SV20216509,0
SV20217762,1
SV20217794,0
SV20210765,0
SV20210241,0
SV20218571,0
SV20216279,0
SV20212013,0
SV20215668,0
SV20216394,0
SV20213905,0
SV20214994,0
SV20218678,0
SV20212664,0
SV20217535,0
SV20215103,2
SV20211884,1
SV20219132,0
SV20219249,0
SV20215645,1
SV20215623,2
SV20212126,1
SV20212666,1
SV20212681,0
SV20218286,0
SV20218962,0
SV20215256,0
SV20214746,0
SV20211524,2
SV20217074,0
SV20216715,0
SV20211402,1
SV20219335,1
SV20211195,0
SV20218885,1
SV20219016,0
SV20210250,0
SV20216353,1
SV20213220,0
SV20219469,0
SV20215820,0
SV20213589,0
SV20212702,0
SV20217268,2
SV20214094,0
SV20216706,0
SV20218974,0
SV20211330,2
SV20218174,0
SV20213794,0
SV20212877,1
SV20217296,0
SV20211536,0
SV20219834,0
SV20215456,1
SV20215051,0
SV20217608,0
SV20213774,0
SV20219704,0
SV20210071,2
SV20213842,1
SV20219253,0
SV20219288,0
SV20219058,0
SV20216060,0
SV20213781,0
SV20219651,2
SV20210340,0
SV20219057,0
SV20214177,0
SV20213250,0
SV20212159,0
SV20213655,0
SV20216427,2
SV20211785,2
SV20215241,1
SV20218380,1
SV20218692,1
SV20212783,0
SV20214681,2
SV20215751,0
SV20212581,0
SV20213408,0
SV20214440,0
SV20215433,0
SV20216844,0
SV20215835,1
SV20213165,0
SV20216345,0
SV20212624,0
SV20210911,0
SV20211032,0
SV20210337,0
SV20210139,0
SV20219912,0
SV20213292,2
SV20217638,0
SV20215991,0
SV20210573,0
SV20218404,0
SV20212525,2
SV20215535,0
SV20214560,0
SV20218971,2
SV20211052,1
SV20215288,0
SV20210444,0
SV20212337,1
SV20213935,2
SV20211855,0
SV20217940,0
SV20210792,1
SV20211761,0
SV20211071,0
SV20211132,0
SV20214213,0
SV20212523,0
SV20215132,1
SV20214390,0
SV20218440,1
SV20219691,0
SV20216615,2
SV20215401,0
SV20213337,0
SV20217086,1
SV20215335,0
SV20213493,0
SV20210006,0
SV20219541,2
SV20212224,1
SV20217216,2
SV20213081,0
SV20219907,0
SV20215653,1
SV20216493,2
SV20212986,1
SV20216930,0
SV20211454,0
SV20213706,0
SV20215420,0
SV20213914,0
SV20211686,0
SV20213119,1
SV20212122,0
SV20216747,0
SV20211026,0
SV20216504,0
SV20216630,1
SV20210193,0
SV20210501,0
SV20219771,1
SV20213533,0
SV20211813,0
SV20218381,0
SV20218641,0
SV20214856,2
SV20217382,0
SV20219550,1
SV20219736,0
SV20215065,0
SV20210049,0
SV20214256,0
SV20217108,2
SV20211053,1
SV20211887,0
SV20213188,0
SV20218113,0
SV20219650,0
SV20214896,2
SV20211123,0
SV20213541,0
SV20211097,0
SV20218916,1
SV20215471,0
SV20213853,2
SV20214313,0
SV20212568,1
SV20219487,1
SV20211742,0
SV20217105,0
SV20212762,0
SV20210924,0
SV20211805,2
SV20216115,1
SV20219314,2
SV20218587,0
SV20215281,1
SV20210639,2
SV20218295,2
SV20212150,0
SV20212057,0
SV20219698,1
SV20218882,0
SV20218260,0
SV20211445,0
SV20218841,0
SV20214457,1
SV20219930,0
SV20219107,0
SV20210647,0
SV20211605,0
SV20213432,0
SV20217197,0
SV20213372,0
SV20218657,1
SV20212920,0
SV20214923,0
SV20210436,1
SV20217516,2
SV20210499,0
SV20216540,0
SV20218073,0
SV20215152,0
SV20211965,1
SV20214089,0
SV20214564,1
SV20218358,2
SV20214382,0
SV20213525,0
SV20211826,2
SV20214709,0
SV20213369,0
SV20212805,0
SV20213147,0
SV20218902,0
SV20217915,0
SV20218141,0
SV20213253,0
SV20212093,0
SV20215355,0
SV20216636,2
SV20214024,1
SV20212741,0
SV20215667,0
SV20211279,0
SV20213048,2
SV20210932,2
SV20212598,0
SV20218607,2
SV20217670,1
SV20219607,1
SV20211267,2
SV20218234,0
SV20218259,1
SV20218843,0
SV20214691,0
SV20217041,0
SV20219676,0
SV20210470,0
SV20213215,0
SV20218759,0
SV20214208,0
SV20217377,0
SV20218226,0
SV20214454,1
SV20213950,0
SV20211115,0
SV20216607,0
SV20212992,0
SV20214865,0
SV20212810,2
SV20210729,2
SV20212026,1
SV20218239,0
SV20215448,0
SV20218427,2
SV20216970,0
SV20210625,2
SV20215027,0
SV20213848,2
SV20213426,1
SV20218586,0
SV20215114,1
SV20219752,0
SV20211312,0
SV20214343,1
SV20210570,0
SV20210322,2
SV20212070,0
SV20213762,1
SV20212210,0
SV20213648,0
SV20210624,0
SV20217891,2
SV20213954,2
SV20218077,1
SV20210081,0
SV20215512,0
SV20210225,0
SV20219042,1
SV20219635,2
SV20216193,2
SV20217566,2
SV20212766,1
SV20213296,0
SV20216441,2
SV20214246,0
SV20216192,0
SV20218523,0
SV20216454,0
SV20212501,1
SV20212925,1
SV20219653,0
SV20211626,0
SV20214639,0
SV20216906,0
SV20216414,0
SV20212603,0
SV20215655,0
SV20211655,2
SV20218901,1
SV20210398,0
SV20218986,0
SV20215672,0
SV20215465,0
SV20218871,0
SV20215361,0
SV20210797,0
SV20211767,0
SV20214207,0
SV20219755,0
SV20214420,0
SV20215660,0
SV20219327,1
SV20215451,0
SV20217973,0
SV20211685,0
SV20211896,2
SV20214855,1
SV20216237,0
SV20214951,0
SV20216341,0
SV20210314,2
SV20219904,0
SV20214308,0
SV20210199,0
SV20216476,2
SV20210776,0
SV20217517,0
SV20216002,0
SV20219873,0
SV20219137,1
SV20217483,0
SV20217273,0
SV20216326,0
SV20211427,0
SV20215007,0
SV20219953,0
SV20218343,0
SV20210591,2
SV20216739,0
SV20212001,2
SV20217219,0
SV20213180,0
SV20217372,2
SV20213273,2
SV20212148,1
SV20219349,0
SV20213039,0
SV20210819,0
SV20217872,1
SV20211465,0
SV20219675,2
SV20216398,0
SV20217772,0
SV20213093,0
SV20217820,0
SV20217655,0
SV20214562,0
SV20210523,1
SV20211593,0
SV20213975,0
SV20213827,0
SV20216852,0
SV20211420,0
SV20211964,0
SV20210626,0
SV20210859,0
SV20218851,0
SV20217607,0
SV20217446,0
SV20216258,1
SV20211200,1
SV20211917,1
SV20213846,2
SV20212312,2
SV20215192,0
SV20213310,2
SV20219494,2
SV20210252,0
SV20214606,1
SV20212054,2
SV20214643,0
SV20213157,0
SV20215741,0
SV20216626,2
SV20214619,0
SV20218693,2
SV20216827,0
SV20217258,0
SV20213581,0
SV20213758,1
SV20212197,0
SV20216620,0
SV20210872,0
SV20217304,1
SV20213844,0
SV20213017,1
SV20219874,0
SV20213708,0
SV20211794,0
SV20217968,2
SV20212808,2
SV20211165,1
SV20211406,0
SV20216710,1
SV20215634,0
SV20214247,0
SV20213971,0
SV20211308,0
SV20216069,0
SV20218982,0
SV20212493,2
SV20212377,0
SV20210023,0
SV20218813,0
SV20217503,2
SV20218538,0
SV20216896,0
SV20211007,0
SV20213658,2
SV20218236,2
SV20217559,0
SV20213818,0
SV20212625,0
SV20216857,1
SV20219134,0
SV20219272,0
SV20213184,0
SV20219400,0
SV20210170,2
SV20214783,0
SV20215260,0
SV20214148,0
SV20214832,0
SV20217099,1
SV20213699,0
SV20216348,0
SV20219702,1
SV20216725,0
SV20213511,1
SV20213498,0
SV20212995,0
SV20212228,0
SV20216610,0
SV20216094,0
SV20213027,1
SV20212384,0
SV20211660,2
SV20214162,0
SV20213784,0
SV20219488,0
SV20214887,0
SV20219547,0
SV20219441,0
SV20217388,0
SV20217576,0
SV20213132,0
SV20214428,0
SV20211054,0
SV20213226,0
SV20210257,1
SV20215904,2
SV20210443,0
SV20216506,1
SV20213593,0
SV20212524,2
SV20213599,0
SV20213643,0
SV20219843,0
SV20216388,0
SV20215993,2
SV20214341,0
SV20217903,1
SV20213713,0
SV20214007,1
SV20217457,0
SV20212864,2
SV20214474,0
SV20219763,0
SV20216416,0
SV20217202,0
SV20218676,1
SV20213029,0
SV20212416,0
SV20218035,0
SV20213328,1
SV20217681,0
SV20217269,2
SV20210951,0
SV20211011,0
SV20218520,0
SV20215780,0
SV20219804,0
SV20210048,0
SV20219495,1
SV20215554,0
SV20212634,1
SV20219105,0
SV20218162,0
SV20219047,2
SV20216285,2
SV20210726,2
SV20212651,0
SV20217394,0
SV20218913,1
SV20212090,0
SV20212135,2
SV20214314,2
SV20212709,0
SV20218139,2
SV20211210,0
SV20210395,0
SV20213315,1
SV20216505,0
SV20217456,0
SV20216208,0
SV20210072,2
SV20212494,0
SV20212336,0
SV20219618,0
SV20218840,2
SV20212899,0
SV20216982,2
SV20212420,0
SV20217420,0
SV20218497,0
SV20217612,0
SV20215201,2
SV20214318,0
SV20213087,0
SV20210248,0
SV20218148,0
SV20214306,0
SV20210531,1
SV20215929,0
SV20216868,0
SV20214006,0
SV20212844,0
SV20214859,0
SV20217547,0
SV20216449,0
SV20213649,0
SV20215222,0
SV20219805,0
SV20212714,2
SV20217797,2
SV20218197,1
SV20212828,0
SV20214158,1
SV20219899,0
SV20210183,0
SV20217322,0
SV20214088,0
SV20217712,1
SV20212364,0
SV20215469,0
SV20212750,2
SV20219114,0
SV20212475,1
SV20212931,0
SV20218709,0
SV20218446,0
SV20214651,0
SV20213473,2
SV20213067,1
SV20214523,1
SV20218961,0
SV20215384,0
SV20210641,2
SV20218069,1
SV20212492,1
SV20218406,0
SV20212211,2
SV20217993,0
SV20215434,1
SV20211171,0
SV20215571,0
SV20217526,0
SV20213129,1
SV20214136,0
SV20213196,1
SV20212374,1
SV20214945,0
SV20210892,0
SV20218892,0
SV20218838,0
SV20217259,0
SV20216140,1
SV20210273,1
SV20213561,1
SV20215861,0
SV20218237,0
SV20215731,1
SV20211198,0
SV20218636,1
SV20213347,1
SV20219219,0
SV20219599,0
SV20215077,1
SV20219946,0
SV20214597,1
SV20210227,0
SV20215308,2
SV20213749,0
SV20210484,2
SV20219503,0
SV20216186,2
SV20218822,0
SV20219991,0
SV20218860,0
SV20211956,0
SV20212140,1
SV20214462,0
SV20219672,1
SV20217166,1
SV20212353,1
SV20215580,1
SV20211376,2
SV20219507,2
SV20211617,1
SV20219609,2
SV20215032,0
SV20211656,0
SV20215395,0
SV20213177,0
SV20214470,2
SV20219888,0
SV20211401,1
SV20217878,0
SV20217507,2
SV20219785,1
SV20215853,0
SV20215450,2
SV20218321,0
SV20211417,0
SV20214261,0
SV20215830,2
SV20216023,1
SV20213183,1
SV20217465,0
SV20215531,0
SV20212895,0
SV20213306,0
SV20215730,0
SV20210096,0
SV20217998,0
SV20218976,0
SV20210642,2
SV20215541,2
SV20218732,0
SV20210366,2
SV20219329,0
SV20210964,2
SV20215865,0
SV20218932,0
SV20210747,0
SV20218048,1
SV20219341,2
SV20214719,0
SV20212452,2
SV20218719,0
SV20217349,0
SV20218847,0
SV20211944,0
SV20219703,1
SV20210065,0
SV20216921,0
SV20210878,1
SV20217925,0
SV20214876,1
SV20215970,2
SV20217807,0
SV20217143,1
SV20216437,0
SV20211498,0
SV20214000,0
SV20215117,0
SV20211869,2
SV20213873,0
SV20216891,0
SV20218344,0
SV20210522,1
SV20217519,0
SV20219932,1
SV20218782,0
SV20217447,0
SV20218420,0
SV20217793,2
SV20215184,2
SV20218392,0
SV20214397,0
SV20216097,0
SV20219456,0
SV20218701,0
SV20215054,1
SV20216093,0
SV20210775,0
SV20217422,0
SV20212764,0
SV20215239,1
SV20210219,1
SV20214612,0
SV20212289,0
SV20219706,0
SV20215414,0
SV20210330,0
SV20214324,0
SV20214345,1
SV20217315,0
SV20212707,0
SV20215538,0
SV20212507,1
SV20219837,0
SV20219222,1
SV20214096,0
SV20214413,2
SV20215606,0
SV20212970,0
SV20215049,0
SV20218159,0
SV20215234,0
SV20214478,1
SV20219515,0
SV20219071,0
SV20217884,0
SV20214809,0
SV20212297,1
SV20214759,0
SV20210485,1
SV20212628,0
SV20216458,0
SV20214765,0
SV20211687,2
SV20212566,0
SV20213363,0
SV20215683,0
SV20210480,2
SV20213055,0
SV20211179,0
SV20216470,0
SV20212948,1
SV20219772,0
SV20213870,1
SV20212112,0
SV20213339,0
SV20216949,0
SV20211284,0
SV20212134,0
SV20210179,1
SV20214255,0
SV20218455,0
SV20218419,0
SV20217851,0
SV20211316,0
SV20218218,1
SV20213532,0
SV20211625,2
SV20217170,0
SV20213609,2
SV20215684,0
SV20214292,0
SV20214491,0
SV20213934,1
SV20215743,0
SV20212499,1
SV20211923,0
SV20216116,0
SV20217718,0
SV20210532,0
SV20218429,2
SV20219726,0
SV20210781,0
SV20214027,2
SV20212398,0
SV20216483,0
SV20216762,0
SV20210516,1
SV20215948,0
SV20219173,0
SV20217354,0
SV20217039,0
SV20216333,0
SV20214091,0
SV20210882,0
SV20212799,0
SV20217221,0
SV20216063,0
SV20218992,0
SV20217215,0
SV20211410,0
SV20210427,0
SV20215088,2
SV20215579,0
SV20213411,0
SV20214011,0
SV20210940,0
SV20217654,2
SV20215559,0
SV20217919,0
SV20214872,2
SV20212131,1
SV20216165,0
SV20211942,0
SV20212984,0
SV20219138,0
SV20210459,1
SV20212412,2
SV20219898,1
SV20218287,2
SV20217662,1
SV20214815,0
SV20216508,2
SV20212451,0
SV20218723,0
SV20216909,2
SV20214634,0
SV20211781,0
SV20217365,0
SV20211228,0
SV20212716,1
SV20212368,0
SV20210278,1
SV20217822,2
SV20210595,1
SV20215413,1
SV20217343,2
SV20215477,1
SV20218620,0
SV20211846,0
SV20213856,2
SV20218954,1
SV20211699,1
SV20210813,0
SV20211328,0
SV20215154,0
SV20215814,1
SV20211456,1
SV20219632,1
SV20219015,0
SV20214379,2
SV20217403,0
SV20218674,0
SV20216294,1
SV20213178,0
SV20218749,0
SV20219812,0
SV20213343,0
SV20213721,0
SV20217667,0
SV20215417,0
SV20211701,2
SV20219258,0
SV20211461,0
SV20213960,2
SV20212593,0
SV20216103,1
SV20211773,0
SV20215663,0
SV20214131,1
SV20212570,0
SV20212128,0
SV20211523,0
SV20210224,0
SV20219113,0
SV20217464,0
SV20218221,0
SV20213086,0
SV20210310,0
SV20214315,1
SV20213085,1
SV20218755,0
SV20212732,0
SV20219420,1
SV20214662,0
SV20219050,2
SV20217911,0
SV20210822,0
SV20216567,1
SV20212050,1
SV20217244,0
SV20214910,0
SV20213867,0
SV20212635,2
SV20212403,0
SV20210810,1
SV20217430,0
SV20219788,0
SV20213772,0
SV20217954,0
SV20214775,1
SV20213639,0
SV20211152,1
SV20214419,0
SV20219131,0
SV20215093,2
SV20219923,0
SV20210234,0
SV20217065,0
SV20215858,0
SV20212719,0
SV20213447,1
SV20215119,0
SV20214195,0
SV20211090,2
SV20212405,0
SV20215147,2
SV20213995,1
SV20212599,0
SV20219303,0
SV20210574,0
SV20216565,0
SV20214398,0
SV20219655,1
SV20210578,0
SV20214354,1
SV20216084,0
SV20211903,2
SV20215229,0
SV20211946,0
SV20217063,0
SV20214331,0
SV20216501,0
SV20214219,2
SV20213530,0
SV20211723,2
SV20215020,0
SV20211906,0
SV20213826,0
SV20219967,0
SV20215146,0
SV20215871,0
SV20219767,0
SV20210214,0
SV20215198,0
SV20218889,0
SV20216956,0
SV20218156,2
SV20218937,0
SV20214372,1
SV20214595,1
SV20211541,2
SV20212833,2
SV20211087,2
SV20214590,2
SV20211795,2
SV20214368,0
SV20210318,2
SV20210035,2
SV20210977,0
SV20219583,0
SV20213406,0
SV20214703,0
SV20217226,0
SV20215187,2
SV20217079,0
SV20213851,2
SV20218144,0
SV20218444,1
SV20214863,0
SV20210598,1
SV20215053,2
SV20210547,2
SV20219236,0
SV20210378,1
SV20210675,0
SV20214649,0
SV20219654,1
SV20213591,2
SV20215539,1
SV20211908,0
SV20216438,0
SV20219482,0
SV20219257,0
SV20211230,1
SV20216280,2
SV20210194,0
SV20210364,0
SV20212410,1
SV20216664,1
SV20217286,0
SV20219007,2
SV20215792,0
SV20214589,0
SV20214411,0
SV20214790,0
SV20219445,0
SV20211191,0
SV20213175,0
SV20218111,2
SV20219540,0
SV20210078,0
SV20214554,0
SV20210309,1
SV20210397,2
SV20216697,0
SV20214493,1
SV20215279,2
SV20212360,1
SV20215008,1
SV20211106,0
SV20211771,0
SV20210732,0
SV20211835,1
SV20219426,2
SV20213384,0
SV20216361,1
SV20217380,0
SV20210960,0
SV20219106,0
SV20218243,0
SV20210352,0
SV20218906,0
SV20216503,0
SV20212668,1
SV20212509,0
SV20212439,0
SV20215657,0
SV20211774,0
SV20215644,0
SV20213504,0
SV20217358,1
SV20218085,1
SV20214998,0
SV20216214,0
SV20219496,2
SV20219634,0
SV20218145,0
